task,mean_2g,mean_1g,delta,p_value,significant,n_folds_2g,n_folds_1g
fold_label,0.6648,0.7236,-0.0589,0.00163,yes,45,45
localization_class,0.4909,0.4921,-0.0011,0.95817,no,45,45
species_label,0.8126,0.7924,0.0202,0.85271,no,45,45
tm_label,0.273,0.3789,-0.1059,0.02426,yes,45,45
disorder_global,0.2634,0.3166,-0.0531,0.01987,yes,45,45
acc_mean,0.6806,0.6993,-0.0187,0.38104,no,45,45
aggregation_score,0.5093,0.5137,-0.0044,0.89405,no,45,45
